sheet_no,sheet_name,csv_path
1,システム概要,docs/csv/01_システム概要.csv
2,画面遷移図,docs/csv/02_画面遷移図.csv
3,画面設計書,docs/csv/03_画面設計書.csv
4,仕様書チェックリスト,docs/csv/04_仕様書チェックリスト.csv
5,プロダクトバックログ,docs/csv/05_プロダクトバックログ.csv
6,プロダクトバックログチェックリスト,docs/csv/06_プロダクトバックログチェックリスト.csv
7,スプリントバックログ (1),docs/csv/07_スプリントバックログ_(1).csv
8,スプリントバックログ (2),docs/csv/08_スプリントバックログ_(2).csv
9,スプリントバックログ (3) ,docs/csv/09_スプリントバックログ_(3).csv
10,スプリントバックログ (4),docs/csv/10_スプリントバックログ_(4).csv
11,スプリントバックログ作成チェックリスト,docs/csv/11_スプリントバックログ作成チェックリスト.csv
12,スプリントプランニングチェックリスト,docs/csv/12_スプリントプランニングチェックリスト.csv
13,スプリントレビュー準備チェックリスト（開発T用）,docs/csv/13_スプリントレビュー準備チェックリスト（開発T用）.csv
14,スプリントレビューチェックリスト,docs/csv/14_スプリントレビューチェックリスト.csv
